notebook,vimeo_count,youtube_count
DS-Notebook-Catalog.ipynb,0,0
DS-Data-Catalog.ipynb,0,0
DS-Video-Catalog.ipynb,0,0
DS108-Databases/DS108Questions.ipynb,0,0
DS108-Databases/NoSQL/DS108NoSQL-L3-Updating-Documents.ipynb,1,0
DS108-Databases/NoSQL/DS108NoSQL-L4-Deleting-and-Indexing-Documents.ipynb,1,0
DS108-Databases/NoSQL/DS108NoSQL-L5-Sharding-More-Methods-and-Project.ipynb,1,0
DS108-Databases/NoSQL/DS108NoSQL-L1-Getting-Started-With-NoSQL.ipynb,5,0
DS108-Databases/NoSQL/DS108NoSQL-L2-Querying-Documents.ipynb,1,0
DS108-Databases/NoSQL/Errata/DS108NoSQL-Change-Log.ipynb,0,0
DS108-Databases/NoSQL/Examples/Local-Version-MongoDB-Using-PyMongo.ipynb,0,0
DS108-Databases/NoSQL/Examples/Online-Version-MongoDB-Using-PyMongo.ipynb,0,0
DS108-Databases/NoSQL/Examples/PyMongo.ipynb,0,0
DS108-Databases/GraphDB/1_netx_overview.ipynb,0,0
DS108-Databases/GraphDB/2_Creating_a_Graph.ipynb,0,0
DS108-Databases/GraphDB/3_pyviz.ipynb,0,0
DS108-Databases/SQL/DS108-L1-Getting-Started-With-SQL.ipynb,3,0
DS108-Databases/SQL/DS108-L3-CRUD-in-SQL.ipynb,1,0
DS108-Databases/SQL/DS108-L2-Joins.ipynb,1,0
DS108-Databases/SQL/DS108-L4-Creating-Tables.ipynb,1,0
DS108-Databases/SQL/DS108-L5-Indexes-and-Project.ipynb,1,0
DS108-Databases/SQL/Workshops/Week-2/08-Export-to-CSV/Sakila.ipynb,0,0
DS108-Databases/SQL/Workshops/Week-1/00-Import-Sakila/Sakila.ipynb,0,0
DS108-Databases/SQL/Workshops/Week-1/01-Where-Like-and-Order-By/Where-Like-Order.ipynb,0,0
DS108-Databases/SQL/Errata/DS108SQL-Change-Log.ipynb,0,0
DS108-Databases/SQL/Examples/DS108-L2-JOINS-HOHELPER.ipynb,1,0
DS108-Databases/SQL/Examples/DS108-L1-Getting-Started-SQL.ipynb,1,0
DS108-Databases/SQL/Examples/DS108-L1.ipynb,0,0
DS108-Databases/SQL/Examples/DS-108-L4-Helper.ipynb,0,0
DS108-Databases/SQL/Examples/DS-108-L5-Helper.ipynb,0,0
DS108-Databases/SQL/Examples/DSO108-SQL-Helpers.ipynb,6,0
DS108-Databases/SQL/Examples/DS108-L2-Joins.ipynb,0,0
DS108-Databases/SQL/Examples/Loading-Sakila-Database.ipynb,1,0
DS108-Databases/SQL/Examples/SQL-Tutorial-In-Jupyter.ipynb,0,0
DS108-Databases/SQL/Examples/Turn-off-SafeUpdate-mode-in-MySQL.ipynb,1,0
DS108-Databases/SQL/Examples/DS108-L2-Jupyter-Creating-Join-In-MSQL.ipynb,0,0
DS108-Databases/SQL/Advanced SQL lessons/Lesson-2-Efficiency-SQL.ipynb,0,0
DS108-Databases/SQL/Advanced SQL lessons/Intro-to-ERD.ipynb,0,0
DS108-Databases/SQL/Advanced SQL lessons/Week1-Aggregating-in-SQL.ipynb,0,0
DS108-Databases/SQL/Advanced SQL lessons/DS108ADVQuestions.ipynb,0,0
DS108-Databases/SQL/Data/mentor-student/mentor-student.ipynb,0,0
DS102-Statistical-Programming-in-R/DS102-L9-Data-Exploration.ipynb,10,0
DS102-Statistical-Programming-in-R/DS102L10-Final-Project.ipynb,1,0
DS102-Statistical-Programming-in-R/DS102-L2-Intro-to-R.ipynb,7,0
DS102-Statistical-Programming-in-R/DS102-L6-Data-Frames.ipynb,11,0
DS102-Statistical-Programming-in-R/DS102-L8-Linear-Regression.ipynb,7,0
DS102-Statistical-Programming-in-R/DS102-L4-Vectors-and-Sample-Statistics.ipynb,6,0
DS102-Statistical-Programming-in-R/DS102-L5-Statistical-Plots.ipynb,5,0
DS102-Statistical-Programming-in-R/DS102Questions.ipynb,0,0
DS102-Statistical-Programming-in-R/DS102-L7-t-Tests.ipynb,5,0
DS102-Statistical-Programming-in-R/DS102-L3-Variables-Functions-and-For-Loops.ipynb,8,0
DS102-Statistical-Programming-in-R/DS102-L1-Thinking-Like-a-Programmer.ipynb,7,0
DS102-Statistical-Programming-in-R/Workshops/Week-3/06-tTests/t-tests.ipynb,0,0
DS102-Statistical-Programming-in-R/Workshops/Week-3/06.5-Simple-Linear-Regression/linearRegression.ipynb,0,0
DS102-Statistical-Programming-in-R/Workshops/Week-3/09-FinalProjectR/final.ipynb,0,0
DS102-Statistical-Programming-in-R/Workshops/Week-3/09-FinalProjectR/Final-R-Example.ipynb,0,0
DS102-Statistical-Programming-in-R/Workshops/Week-3/07-DataExplorationR/DataExploration.ipynb,0,0
DS102-Statistical-Programming-in-R/Workshops/Week-2/05-AnatomyDpylr/dyplr.ipynb,0,0
DS102-Statistical-Programming-in-R/Workshops/Week-2/05-AnatomyDpylr/Anatomy-of-dplyr.ipynb,0,0
DS102-Statistical-Programming-in-R/Workshops/Week-2/03-Manipulating-Vectors/Working-With-Vectors.ipynb,0,0
DS102-Statistical-Programming-in-R/Workshops/Week-2/A-Describing-Visualizing-Relationships/Describing-Visualizing-Relationships.ipynb,0,0
DS102-Statistical-Programming-in-R/Workshops/Week-2/B-Probability/Probability.ipynb,0,0
DS102-Statistical-Programming-in-R/Workshops/Week-2/04-AnatomyGGplot/Anatomy-of-ggplot.ipynb,0,0
DS102-Statistical-Programming-in-R/Workshops/Week-2/04-AnatomyGGplot/ggplot.ipynb,0,0
DS102-Statistical-Programming-in-R/Workshops/Week-1/Excel-to-R/Excel-to-R.ipynb,0,0
DS102-Statistical-Programming-in-R/Workshops/Week-1/B-The-Shape-of-Data-R/2-The-Shape-of-Data.ipynb,0,0
DS102-Statistical-Programming-in-R/Workshops/Week-1/02-Vectors-Functions-and-For-Loops-Oh-My/Vectors-Functions-For-Loops.ipynb,0,0
DS102-Statistical-Programming-in-R/Workshops/Week-1/A-Introduction-to-R/1-Introduction-to-R.ipynb,0,0
DS102-Statistical-Programming-in-R/Workshops/Week-1/C-Base-Stats-Graphics-Packages-R/The-R-Base-Stats-and-Graphics-Packages.ipynb,0,0
DS102-Statistical-Programming-in-R/Workshops/Week-1/01-Problem-Solving/Problem-Solving-and-Critical-Thinking.ipynb,0,0
DS102-Statistical-Programming-in-R/Workshops/Week-1/01-Problem-Solving/Problem-Solving-with-Polya.ipynb,0,0
DS102-Statistical-Programming-in-R/Workshops/Week-1/Common-Errors-in-R/Warnings.ipynb,0,0
DS102-Statistical-Programming-in-R/Workshops/Week-1/Common-Errors-in-R/CommonErrors.ipynb,0,0
DS102-Statistical-Programming-in-R/Errata/DS102-Change-Log.ipynb,0,0
DS102-Statistical-Programming-in-R/Books/ISLR/Ch8-baggboost-lab.ipynb,0,0
DS102-Statistical-Programming-in-R/Books/ISLR/Ch7-nonlin-lab.ipynb,0,0
DS102-Statistical-Programming-in-R/Books/ISLR/Ch10-deeplearning-lab-keras.ipynb,0,0
DS102-Statistical-Programming-in-R/Books/ISLR/Ch3-linreg-lab.ipynb,0,0
DS102-Statistical-Programming-in-R/Books/ISLR/Ch4-classification-lab.ipynb,0,0
DS102-Statistical-Programming-in-R/Books/ISLR/Ch5-resample-lab.ipynb,0,0
DS102-Statistical-Programming-in-R/Books/ISLR/Ch10-deeplearning-lab-torch.ipynb,0,0
DS102-Statistical-Programming-in-R/Books/ISLR/Ch9-svm-lab.ipynb,0,0
DS102-Statistical-Programming-in-R/Books/ISLR/Ch6-varselect-lab.ipynb,0,0
DS102-Statistical-Programming-in-R/Books/ISLR/Ch11-surv-lab.ipynb,0,0
DS102-Statistical-Programming-in-R/Books/ISLR/Ch13-multiple-lab.ipynb,0,0
DS102-Statistical-Programming-in-R/Books/ISLR/Ch2-statlearn-lab.ipynb,0,0
DS102-Statistical-Programming-in-R/Books/ISLR/Ch12-unsup-lab.ipynb,0,0
DS102-Statistical-Programming-in-R/Examples/DS102-L3-R-Vector-Arithmetic-R.ipynb,0,0
DS102-Statistical-Programming-in-R/Examples/DS102-L3-ForLoop-Handson-Helper.ipynb,0,0
DS102-Statistical-Programming-in-R/Examples/DS102-L3-Examples-variables-functions-for-Loops-R.ipynb,0,0
DS102-Statistical-Programming-in-R/Examples/DS102-L7-t-test-link-and-example.ipynb,0,0
DS102-Statistical-Programming-in-R/Examples/DS102-L3-Draft.ipynb,0,0
DS102-Statistical-Programming-in-R/Examples/DS102-L6-Data-Frame-my-pets.ipynb,0,0
DS102-Statistical-Programming-in-R/Examples/DS102-L5-ggplot-R.ipynb,0,0
DS102-Statistical-Programming-in-R/Examples/DS102-L9-HandsOnHelperR.ipynb,0,0
DS102-Statistical-Programming-in-R/Examples/DS102-L3-Lists-and-Looping-R.ipynb,0,0
DS102-Statistical-Programming-in-R/Examples/DS102-L7-GreatLakes-R.ipynb,0,0
DS102-Statistical-Programming-in-R/Examples/Radius-Vector-R.ipynb,0,0
DS102-Statistical-Programming-in-R/Examples/DS102-L2-Install-R.ipynb,0,0
DS102-Statistical-Programming-in-R/Examples/DS102-L7-P2-Frosted-FlakesR.ipynb,0,0
DS102-Statistical-Programming-in-R/Examples/DS102-L3-Misc-Functions-for-Loops-R.ipynb,0,0
DS102-Statistical-Programming-in-R/Examples/DS102-L2-Beginning-R.ipynb,0,0
DS102-Statistical-Programming-in-R/Examples/DS102-L7-Hands-on-Helper-R.ipynb,0,0
DS102-Statistical-Programming-in-R/Examples/DS102-L3-Creating-Functions-in-RStudio-R.ipynb,0,0
DS102-Statistical-Programming-in-R/Examples/DS102-L9-P1-3-Comparing-Countries-R.ipynb,0,0
DS102-Statistical-Programming-in-R/Examples/Data-Analysis-and-Graphics-Using-R-Section-2.ipynb,0,0
DS102-Statistical-Programming-in-R/Examples/DS102-L4-Vectors-Sample-Stats-R.ipynb,0,0
DS102-Statistical-Programming-in-R/Examples/Cairo.ipynb,0,0
DS102-Statistical-Programming-in-R/Examples/Data-Analysis-and-Graphics-Using-R-Section-1.ipynb,0,0
DS102-Statistical-Programming-in-R/Examples/DS102-L5-Plotting-R.ipynb,0,0
DS102-Statistical-Programming-in-R/Examples/Python-R-Same-Notebook-Example.ipynb,0,0
DS102-Statistical-Programming-in-R/Examples/Importing-Data-RStudio.ipynb,1,0
DS102-Statistical-Programming-in-R/Examples/DS102-L7-Example-nhtempBoxplots-R.ipynb,0,0
DS102-Statistical-Programming-in-R/Examples/Team-Examples/Nolan/Plotting in R with ggplot2.ipynb,0,0
DS102-Statistical-Programming-in-R/Examples/Team-Examples/Julie-DS0102-Stat-Prog-R/Stat-R-Final.ipynb,0,0
DS102-Statistical-Programming-in-R/Examples/Team-Examples/Julie-DS0102-Stat-Prog-R/DS104-Data-Wrangling-Visualization-L2.ipynb,0,0
DS102-Statistical-Programming-in-R/Examples/Team-Examples/Julie-DS0102-Stat-Prog-R/Data-Structures-in-R.ipynb,0,0
DS102-Statistical-Programming-in-R/Examples/Team-Examples/Julie-DS0102-Stat-Prog-R/DS0102-L6.ipynb,0,0
DS102-Statistical-Programming-in-R/Examples/Team-Examples/Julie-DS0102-Stat-Prog-R/DS0102-Final.ipynb,0,0
DS102-Statistical-Programming-in-R/Examples/Team-Examples/Julie-DS0102-Stat-Prog-R/DS0102-L4.ipynb,0,0
DS102-Statistical-Programming-in-R/Examples/Team-Examples/Julie-DS0102-Stat-Prog-R/DS0102-L3.ipynb,0,0
DS102-Statistical-Programming-in-R/Examples/Team-Examples/Julie-DS0102-Stat-Prog-R/DS0102-L5.ipynb,0,0
DS102-Statistical-Programming-in-R/Examples/Team-Examples/Julie-DS0102-Stat-Prog-R/DS0102-L7.ipynb,0,0
DS102-Statistical-Programming-in-R/Examples/Team-Examples/Emily/HelperLesson5HandsOn.ipynb,0,0
DS102-Statistical-Programming-in-R/Examples/Team-Examples/Mia/Image-Link-Basics.ipynb,0,0
DS105-Intermediate-Statistics/DS105-L3-Chi-Squares.ipynb,1,0
DS105-Intermediate-Statistics/DS105-L5-Repeated-Measures-Anovas.ipynb,2,0
DS105-Intermediate-Statistics/DS105-L1-Python-Basic-Stats.ipynb,7,0
DS105-Intermediate-Statistics/DS105-L7-Ancovas.ipynb,4,0
DS105-Intermediate-Statistics/DS105-L9-Power-Analysis.ipynb,1,0
DS105-Intermediate-Statistics/DS105Questions.ipynb,0,0
DS105-Intermediate-Statistics/DS105-L8-Manovas.ipynb,4,0
DS105-Intermediate-Statistics/DS105-L4-Anovas.ipynb,7,0
DS105-Intermediate-Statistics/DS105-L2-Normality-and-Transformations.ipynb,5,0
DS105-Intermediate-Statistics/DS105-L6-Mixed-Measures-Anovas.ipynb,2,0
DS105-Intermediate-Statistics/DS105L10-Intermediate-Statistics-Final.ipynb,0,0
DS105-Intermediate-Statistics/Workshops/Various.ipynb,0,0
DS105-Intermediate-Statistics/Workshops/Week-3/06-Final-Project/Final-Project-in-Python.ipynb,1,0
DS105-Intermediate-Statistics/Workshops/Week-2/04-Covariates/Covariates-in-R.ipynb,0,0
DS105-Intermediate-Statistics/Workshops/Week-2/One-Way-ANOVAs-in-Python/One-Way-ANOVAs-in-Python.ipynb,0,0
DS105-Intermediate-Statistics/Workshops/Week-1/02-Advanced-Chi-Squares/Advanced-Chi-Squares-in-R.ipynb,0,0
DS105-Intermediate-Statistics/Workshops/Week-1/01-Basic-Statistics-in-Python/Basic-Statistics-Python.ipynb,1,0
DS105-Intermediate-Statistics/Workshops/Week-1/03-One-Way-ANOVAs-in-R/One-Way-ANOVA-in-R.ipynb,0,0
DS105-Intermediate-Statistics/Errata/DS105-Change-Log.ipynb,0,0
DS105-Intermediate-Statistics/Examples/Summary-Digest-Intermediate-Statistics.ipynb,0,0
DS105-Intermediate-Statistics/Examples/DS105-L5-R.ipynb,0,0
DS105-Intermediate-Statistics/Examples/DS105-L2-BoxCox-Transformations-P.ipynb,0,0
DS105-Intermediate-Statistics/Examples/DS105-L1-PY-Examples.ipynb,0,0
DS105-Intermediate-Statistics/Examples/DS105-L6-All-Pages-R.ipynb,0,0
DS105-Intermediate-Statistics/Examples/DS105-L5-Hands-On-R.ipynb,0,0
DS105-Intermediate-Statistics/Examples/DS105-L6-Repeated-ANOVA-Honey-R.ipynb,0,0
DS105-Intermediate-Statistics/Examples/DS105-L3-Hands-On-Loans-R.ipynb,0,0
DS105-Intermediate-Statistics/Examples/T-Tests-Python-and-R.ipynb,1,0
DS105-Intermediate-Statistics/Examples/DS105-L9-Hands-On-Helper.ipynb,0,0
DS105-Intermediate-Statistics/Examples/Lesson6-Solution.ipynb,0,0
DS105-Intermediate-Statistics/Examples/Untitled.ipynb,0,0
DS105-Intermediate-Statistics/Examples/DS105-L2-Page-Transforming-Data-R.ipynb,0,0
DS105-Intermediate-Statistics/Examples/DS105-L1-P19-Hands-On-anime-P.ipynb,0,0
DS105-Intermediate-Statistics/Examples/DS105L10-Hands-On-Helper-P.ipynb,0,0
DS105-Intermediate-Statistics/Examples/DS105-L1-exploring-the-anime-dataset.ipynb,0,0
DS105-Intermediate-Statistics/Examples/DS105-L4-P4-5-Diff-Example-R.ipynb,0,0
DS105-Intermediate-Statistics/Examples/DS105-L4-P1-7-R.ipynb,0,0
DS105-Intermediate-Statistics/Examples/DS105-L3-All-Examples-P.ipynb,0,0
DS105-Intermediate-Statistics/Examples/L04handsonPython_AvgPrice.ipynb,0,0
DS105-Intermediate-Statistics/Examples/DS105-L2-Hands-On-Seattle-ParksnRec-R.ipynb,0,0
DS105-Intermediate-Statistics/Examples/DS105-L2-P7-Transforming-Data-PGATourData-P.ipynb,0,0
DS105-Intermediate-Statistics/Examples/DS105-L4-Hands-On-Part-2-Oranges-Python.ipynb,0,0
DS105-Intermediate-Statistics/Examples/DS105-L3-All-Examples-R.ipynb,0,0
DS105-Intermediate-Statistics/Examples/DS105-L8-Hands-on-Helper-R.ipynb,0,0
DS105-Intermediate-Statistics/Examples/DS105-L1-P1-OlympicEvents-P.ipynb,0,0
DS105-Intermediate-Statistics/Examples/DS105-L1-P2-R.ipynb,0,0
DS105-Intermediate-Statistics/Examples/DS105-L1-P2-P.ipynb,0,0
DS105-Intermediate-Statistics/Examples/Plotting-the-Central-Limit-Theorem.ipynb,1,0
DS105-Intermediate-Statistics/Examples/DS105-L4-Hands-On-Part-2-P.ipynb,0,0
DS105-Intermediate-Statistics/Examples/DS105-L4-P10-Activity-P.ipynb,0,0
DS105-Intermediate-Statistics/Examples/DS105-L7-P5-Activity-R.ipynb,0,0
DS105-Intermediate-Statistics/Examples/DS105-L7-Hands-On-R.ipynb,0,0
DS105-Intermediate-Statistics/Examples/DS105-L4-Hands-On-Part-1-R-Oranges.ipynb,0,0
DS105-Intermediate-Statistics/Examples/DS105-L8-MANOVA-Example.ipynb,0,0
DS105-Intermediate-Statistics/Examples/PCA.ipynb,0,0
DS105-Intermediate-Statistics/Examples/DS105-L4-P1-7-Examples-R.ipynb,0,0
DS105-Intermediate-Statistics/Examples/Statistical-Methods-Catalog.ipynb,0,0
DS105-Intermediate-Statistics/Examples/DS105-L4-Hands-On-Part-1-R.ipynb,0,0
DS105-Intermediate-Statistics/Examples/DS105-L4-P8-12-P.ipynb,0,0
DS105-Intermediate-Statistics/Examples/DS105-L2-Hands-On-SeattleParksnRec-P.ipynb,0,0
DS105-Intermediate-Statistics/Examples/DS105-L4-P8-9-Diff-Example-P.ipynb,0,0
DS105-Intermediate-Statistics/Examples/DS105-L5-P4-Activity-R.ipynb,0,0
DS105-Intermediate-Statistics/Examples/DS105-L6-Hands-On-R.ipynb,0,0
DS105-Intermediate-Statistics/Examples/Team-Examples/CRAN.ipynb,0,0
DS105-Intermediate-Statistics/Examples/Team-Examples/anime.ipynb,0,0
DS105-Intermediate-Statistics/Examples/Team-Examples/Julia.ipynb,0,0
DS105-Intermediate-Statistics/Examples/Team-Examples/Jilian-example/DS105L3P8-scipy-numpy.ipynb,0,0
DS105-Intermediate-Statistics/Examples/Team-Examples/ISLR2/Ch8-baggboost-lab.ipynb,0,0
DS105-Intermediate-Statistics/Examples/Team-Examples/ISLR2/Ch7-nonlin-lab.ipynb,0,0
DS105-Intermediate-Statistics/Examples/Team-Examples/ISLR2/Ch3-linreg-lab.ipynb,0,0
DS105-Intermediate-Statistics/Examples/Team-Examples/ISLR2/Ch4-classification-lab.ipynb,0,0
DS105-Intermediate-Statistics/Examples/Team-Examples/ISLR2/Ch5-resample-lab.ipynb,0,0
DS105-Intermediate-Statistics/Examples/Team-Examples/ISLR2/Ch9-svm-lab.ipynb,0,0
DS105-Intermediate-Statistics/Examples/Team-Examples/ISLR2/Ch6-varselect-lab.ipynb,0,0
DS105-Intermediate-Statistics/Examples/Team-Examples/ISLR2/Ch11-surv-lab.ipynb,0,0
DS105-Intermediate-Statistics/Examples/Team-Examples/ISLR2/Ch13-multiple-lab.ipynb,0,0
DS105-Intermediate-Statistics/Examples/Team-Examples/ISLR2/Ch10-deeplearning-lab.ipynb,0,0
DS105-Intermediate-Statistics/Examples/Team-Examples/ISLR2/Ch2-statlearn-lab.ipynb,0,0
DS105-Intermediate-Statistics/Examples/Team-Examples/ISLR2/Ch12-unsup-lab.ipynb,0,0
DS105-Intermediate-Statistics/Examples/Team-Examples/Nolan/L7-page4-5walkthrough-R.ipynb,0,0
DS107-Big-Data/DS107Questions.ipynb,0,0
DS107-Big-Data/DS107L6-Working-with-Real-Time-Data.ipynb,2,0
DS107-Big-Data/DS107L9-Source-Control-Using-Git.ipynb,7,0
DS107-Big-Data/DS107L10-Final-Project.ipynb,1,0
DS107-Big-Data/DS107L4-Pig-and-HBase.ipynb,1,0
DS107-Big-Data/DS107L2-Getting-Started-with-Hadoop.ipynb,1,0
DS107-Big-Data/DS107L3-MapReduce-Hive-and-Sqoop.ipynb,1,0
DS107-Big-Data/DS107L8-DASK.ipynb,0,0
DS107-Big-Data/DS107L1-Introduction-to-Big-Data.ipynb,1,0
DS107-Big-Data/DS107L5-Spark-2-and-Zeppelin.ipynb,1,0
DS107-Big-Data/DS107L7-Amazon-Web-Services.ipynb,1,0
DS107-Big-Data/Errata/DS107-Change-Log.ipynb,0,0
DS107-Big-Data/New-Course-Update/DS107Questions.ipynb,0,0
DS107-Big-Data/New-Course-Update/DS107L5-AWS-Cloud-Architectures-Autoscaling-Monitoring.ipynb,1,0
DS107-Big-Data/New-Course-Update/DS107L2-AWS-Global-Infrastructure-and-Cloud-Security.ipynb,1,0
DS107-Big-Data/New-Course-Update/DS107L7-AWS-Query-Data-S3-Athena-Glue-Analyze-Data-Redshift.ipynb,2,0
DS107-Big-Data/New-Course-Update/DS107L3-AWS-Networking-Content-Delivery-Compute.ipynb,2,0
DS107-Big-Data/New-Course-Update/DS107LL10-AWS-Data-Analytics-Sandbox-Environment.ipynb,0,0
DS107-Big-Data/New-Course-Update/DS107L9-AWS-Analyze-Streaming-Data-Kinesis-Firehose-Elasticsearch-Kibana-Analyze-IoT-Data-AWS-IoT-Analytics.ipynb,2,0
DS107-Big-Data/New-Course-Update/DS107L8-AWS-Analyze-Data-Sagemaker-Jupyter-Bokeh-Automate-DataLoading-AWS-Data-Pipeline.ipynb,3,1
DS107-Big-Data/New-Course-Update/DS107L6-AWS-Big-Data-Analytics-S3-Athena.ipynb,2,1
DS107-Big-Data/New-Course-Update/DS107L1-Big-Data-Overview-and-Introduction-to-AWS.ipynb,1,0
DS107-Big-Data/New-Course-Update/DS107L4-AWS-Storage-Databases.ipynb,2,0
DS107-Big-Data/New-Course-Update/Examples/AWS-Services.ipynb,0,0
DS109-Python/DS109-L1-Introduction-to-Python.ipynb,1,0
DS109-Python/DS109-L9-Matrix-Operations.ipynb,1,0
DS109-Python/DS109Questions.ipynb,0,0
DS109-Python/DS109-L6-Classes.ipynb,1,0
DS109-Python/DS109L10-Python-Final-Project.ipynb,1,0
DS109-Python/DS109-L7-Modules.ipynb,1,0
DS109-Python/DS109-L8-Python-for-Data-Science.ipynb,1,0
DS109-Python/DS109-L4-Dictionaries.ipynb,1,0
DS109-Python/DS109-L2-Operations-in-Python.ipynb,1,0
DS109-Python/DS109-L3-Lists-and-Looping.ipynb,1,0
DS109-Python/DS109-L5-Functions.ipynb,1,0
DS109-Python/Workshops/Week-3/08-Pandas-and-Jupyter-Notebook/DS109_L8_workshop.ipynb,0,0
DS109-Python/Workshops/Week-3/13-Virtual-Environments/Virtual-Environments.ipynb,0,0
DS109-Python/Workshops/Week-3/11-Python-NLP-Tools-Examples/Python-NLP-Tools-Examples.ipynb,0,0
DS109-Python/Workshops/Week-3/08.5-numpy/numpy-Workshop.ipynb,0,0
DS109-Python/Workshops/Week-3/08.5-numpy/numpy.ipynb,0,0
DS109-Python/Workshops/Week-3/09-Final-Project/DSO109-L10-Example.ipynb,0,0
DS109-Python/Workshops/Week-2/04-Dictionaries/Dictionaries.ipynb,0,0
DS109-Python/Workshops/Week-2/06-Coding-with-Class/Classes.ipynb,1,0
DS109-Python/Workshops/Week-2/05-Functions/Python-Functions.ipynb,0,0
DS109-Python/Workshops/Week-2/05-Functions/Functions.ipynb,0,0
DS109-Python/Workshops/Week-1/01-Variables-and-Data-Types/Python-Variable-Types.ipynb,1,0
DS109-Python/Workshops/Week-1/12-Importing-in-Python/Imports-in-Python.ipynb,1,0
DS109-Python/Workshops/Week-1/03-Lists/Lists.ipynb,0,0
DS109-Python/Workshops/Week-1/02-If-Else/if-else.ipynb,0,0
DS109-Python/Workshops/Week-1/10-Addressing-Common-Errors-in-Python/Common-Errors-in-Python.ipynb,0,0
DS109-Python/Errata/DS109-Change-Log.ipynb,0,0
DS109-Python/Books/ISLRv2-Code-Data/Chapter_8/Lab_8.3.2_Fitting_regression_trees.ipynb,0,0
DS109-Python/Books/ISLRv2-Code-Data/Chapter_8/Lab_8.3.3_Bagging_and_Random_Forests.ipynb,0,0
DS109-Python/Books/ISLRv2-Code-Data/Chapter_8/Lab-8.3.4_Boosting.ipynb,0,0
DS109-Python/Books/ISLRv2-Code-Data/Chapter_8/Examples using sklearn.ipynb,0,0
DS109-Python/Books/ISLRv2-Code-Data/Chapter_8/Lab_8.3.1_fitting_classification_trees.ipynb,0,0
DS109-Python/Books/ISLRv2-Code-Data/Chapter_8/Applied_Questions_chapter_8.ipynb,0,0
DS109-Python/Books/ISLRv2-Code-Data/Chapter_6/Figure_6.6_Lasso.ipynb,0,0
DS109-Python/Books/ISLRv2-Code-Data/Chapter_6/figure_6.2_Forward_selection.ipynb,0,0
DS109-Python/Books/ISLRv2-Code-Data/Chapter_6/Appied_questions.ipynb,0,0
DS109-Python/Books/ISLRv2-Code-Data/Chapter_6/6.7_LAB_3.ipynb,0,0
DS109-Python/Books/ISLRv2-Code-Data/Chapter_6/6.6 LAB_2.ipynb,0,0
DS109-Python/Books/ISLRv2-Code-Data/Chapter_6/6.5_LAB_1.ipynb,0,0
DS109-Python/Books/ISLRv2-Code-Data/Chapter_6/6.2.1_ Ridge_regression.ipynb,0,0
DS109-Python/Books/ISLRv2-Code-Data/Chapter_7/Applied Questions.ipynb,0,0
DS109-Python/Books/ISLRv2-Code-Data/Chapter_7/LAB - chapter - 7_ Moving_beyond_linearity.ipynb,0,0
DS109-Python/Books/ISLRv2-Code-Data/Chapter_7/LAB_chapter_7_continued_with_GAM.ipynb,0,0
DS109-Python/Books/ISLRv2-Code-Data/Chapter_9/9.3.3 An Application to Heart Disease Data.ipynb,0,0
DS109-Python/Books/ISLRv2-Code-Data/Chapter_9/Lab_9.6.2_and_9.6.3.ipynb,0,0
DS109-Python/Books/ISLRv2-Code-Data/Chapter_9/Appied_Questions_Ch-9.ipynb,0,0
DS109-Python/Books/ISLRv2-Code-Data/Chapter_9/Lab_9.6.4 and 9.6.5.ipynb,0,0
DS109-Python/Books/ISLRv2-Code-Data/Chapter_9/Lab_9.6.1_Support_Vector_Classifiers.ipynb,0,0
DS109-Python/Books/ISLRv2-Code-Data/Chapter_9/Q-8-Applied_exerciese.ipynb,0,0
DS109-Python/Books/ISLRv2-Code-Data/Chapter_2/Applied Questions.ipynb,0,0
DS109-Python/Books/ISLRv2-Code-Data/Chapter_5/Applied Questions.ipynb,0,0
DS109-Python/Books/ISLRv2-Code-Data/Chapter_5/5.4 - figure.ipynb,0,0
DS109-Python/Books/ISLRv2-Code-Data/Chapter_5/Chapter_5_LAB.ipynb,0,0
DS109-Python/Books/ISLRv2-Code-Data/Chapter_5/5.2-figure.ipynb,0,0
DS109-Python/Books/ISLRv2-Code-Data/Chapter_4/Exercises - Applied.ipynb,0,0
DS109-Python/Books/ISLRv2-Code-Data/Chapter_4/Chapter_4_LAB.ipynb,0,0
DS109-Python/Books/ISLRv2-Code-Data/Chapter_3/3.4 The Marketing Plan.ipynb,0,0
DS109-Python/Books/ISLRv2-Code-Data/Chapter_3/Chapter_3_lab.ipynb,0,0
DS109-Python/Books/ISLRv2-Code-Data/Chapter_3/Exerciese - Applied Questions.ipynb,0,0
DS109-Python/Books/ISLRv2-Code-Data/Chapter_3/3.3.2_Non linear fits.ipynb,0,0
DS109-Python/Books/ISLRv2-Code-Data/Chapter_10/Lab-1-PCA.ipynb,0,0
DS109-Python/Books/ISLRv2-Code-Data/Chapter_10/Lab 2 - Clustering.ipynb,0,0
DS109-Python/Books/ISLRv2-Code-Data/Chapter_10/Figure_10.1.ipynb,0,0
DS109-Python/Examples/DS109-L5-Lambda-Examples-to-complement.ipynb,0,0
DS109-Python/Examples/Skimpy.ipynb,0,0
DS109-Python/Examples/Python-Automation-Tools.ipynb,0,0
DS109-Python/Examples/DS109-L10-Final-hands-on-helper.ipynb,0,0
DS109-Python/Examples/DS109-L9-hands-on-helper.ipynb,0,0
DS109-Python/Examples/2-Nulls-in-Python.ipynb,0,0
DS109-Python/Examples/1-Python-Basics.ipynb,0,0
DS109-Python/Examples/DS109-L1-hands-on-solution.ipynb,0,0
DS109-Python/Examples/DS109-L3-Python-for-loops.ipynb,0,0
DS109-Python/Examples/Python-Lambda.ipynb,0,0
DS109-Python/Examples/DS109-L5-hands-on-solution.ipynb,0,0
DS109-Python/Examples/Zen.ipynb,0,0
DS109-Python/Examples/Personal-Property-Tax-Calculator.ipynb,0,0
DS109-Python/Examples/Python-Practice-Course.ipynb,0,0
DS109-Python/Examples/Matrix-Math-Numpy-Refresher.ipynb,0,0
DS109-Python/Examples/DS109-L4-hands-on-helper-1.ipynb,0,0
DS109-Python/Examples/0-Books.ipynb,0,0
DS109-Python/Examples/DS109-L2-hands-on-helper.ipynb,0,0
DS109-Python/Examples/DS109-L3-hands-on-solution.ipynb,0,0
DS109-Python/Examples/Python-Content_Recommender.ipynb,0,0
DS109-Python/Examples/String-Formatting-Python.ipynb,1,0
DS109-Python/Examples/Switch-Example.ipynb,0,0
DS109-Python/Examples/Pandas-Reading-in-data-from-clipboard.ipynb,0,0
DS109-Python/Examples/DS109-L1-P8-Project.ipynb,1,0
DS109-Python/Examples/DS109-L8-Hands-On-Helper.ipynb,0,0
DS109-Python/Examples/DS109-L4-P3-Dictionary-Example.ipynb,1,0
DS109-Python/Examples/Statistical-Examples-Python.ipynb,0,0
DS109-Python/Examples/DS109-L6-hands-on-helper.ipynb,0,0
DS109-Python/Examples/Pandas-Basics-Cheat-Sheet .ipynb,0,0
DS109-Python/Examples/Python-Package-Install-Locations.ipynb,0,0
DS109-Python/Examples/Seaborn-Visualizations.ipynb,1,0
DS109-Python/Examples/Reading-R-Datasets-With-Pandas.ipynb,1,0
DS109-Python/Examples/DS109-L8-Bikes.ipynb,0,0
DS109-Python/Examples/DS109-L4-hands-on-helper.ipynb,0,0
DS109-Python/Examples/Python-VSCode-Basics.ipynb,1,0
DS109-Python/Examples/Python-R-Same-Notebook-Example.ipynb,0,0
DS109-Python/Examples/Networking/Mac-Networking.ipynb,0,0
DS109-Python/Examples/Networking/Speedtest.ipynb,0,0
DS109-Python/Examples/Team-Examples/Nolan/Inspecting-Data-Python.ipynb,1,0
DS109-Python/Examples/Python-Basics/2-Control-Flow.ipynb,0,0
DS109-Python/Examples/Python-Basics/3-2-Looping-through-Data-Structures.ipynb,0,0
DS109-Python/Examples/Python-Basics/6-Scripting-Error-Handling.ipynb,0,0
DS109-Python/Examples/Python-Basics/7-Regression.ipynb,0,0
DS109-Python/Examples/Python-Basics/3-1-Data-Structures-Methods.ipynb,0,0
DS109-Python/Examples/Python-Basics/11-Magic-Methods.ipynb,0,0
DS109-Python/Examples/Python-Basics/9-optimizing-code-common-books.ipynb,0,0
DS109-Python/Examples/Python-Basics/8-refactor-wine-quality.ipynb,0,0
DS109-Python/Examples/Python-Basics/4-Functions.ipynb,0,0
DS109-Python/Examples/Python-Basics/1-Intro-to-Python.ipynb,0,0
DS109-Python/Examples/Python-Basics/3-0-Data-Structures-Overview.ipynb,0,0
DS109-Python/Examples/Python-Basics/5-Iterators-and-Generators.ipynb,0,0
DS109-Python/Examples/Python-Basics/10-optimizing-code-holiday-gifts.ipynb,0,0
DS109-Python/Examples/Jupyter/Jupyter-Python.ipynb,0,0
DS109-Python/Examples/Importing_Data/Importing_Data.ipynb,0,0
DS106-Machine-Learning/DS106Questions.ipynb,0,0
DS106-Machine-Learning/Modeling/DS106-L2-Modeling-with-logistic-regression.ipynb,1,0
DS106-Machine-Learning/Modeling/DS106-L1-Modeling-with-linear-regression.ipynb,1,0
DS106-Machine-Learning/Modeling/DS106-L3-Non-Linear-Modeling.ipynb,1,0
DS106-Machine-Learning/Modeling/DS106QuestionsModeling.ipynb,0,0
DS106-Machine-Learning/Modeling/DS106-L4-Modeling-with-step-wise-regression.ipynb,1,0
DS106-Machine-Learning/Modeling/DS106-L5-Randomly-Generating-Data.ipynb,0,0
DS106-Machine-Learning/Modeling/Workshops/Week-2/3-Logistic-Regression/AU-SB-R.ipynb,0,0
DS106-Machine-Learning/Modeling/Workshops/Week-2/3-Logistic-Regression/Logistic-Regression.ipynb,0,0
DS106-Machine-Learning/Modeling/Workshops/Week-1/2-Linear-Regression/02-Linear-Regression-Analysis-With-SKlearn.ipynb,0,0
DS106-Machine-Learning/Modeling/Workshops/Week-1/2-Linear-Regression/03-DataPreprocessing.ipynb,0,0
DS106-Machine-Learning/Modeling/Workshops/Week-1/2-Linear-Regression/01-Linear-Regression-Analysis-with-StatsModels.ipynb,1,0
DS106-Machine-Learning/Modeling/Workshops/Week-1/1-Modeling-Basics/Modeling-Basics-R.ipynb,0,0
DS106-Machine-Learning/Modeling/Errata/DS106Mod-Change-Log.ipynb,0,0
DS106-Machine-Learning/Modeling/Examples/DS106-Modeling-L2-Handson-Refernece.ipynb,0,0
DS106-Machine-Learning/Modeling/Examples/DS106-Modeling-L4-with-Step-wise-Regression.ipynb,0,0
DS106-Machine-Learning/Modeling/Examples/DS106-Modeling-L1-Follow-Along-P6.ipynb,0,0
DS106-Machine-Learning/Modeling/Examples/DS106-Modeling-L1-Follow-Along-Mantees.ipynb,0,0
DS106-Machine-Learning/Modeling/Examples/DS106-Modeling-L2-Follow-Along-Baseball-R.ipynb,0,0
DS106-Machine-Learning/Modeling/Examples/DS106-Modeling-L2-Follow-Along-Baseball.ipynb,0,0
DS106-Machine-Learning/Modeling/Examples/DS106-Modeling-L5-Data-Generation-Python.ipynb,1,0
DS106-Machine-Learning/Modeling/Examples/Answers/DS106-Modeling-L5-handson-Py.ipynb,0,0
DS106-Machine-Learning/Modeling/Examples/Answers/Untitled.ipynb,0,0
DS106-Machine-Learning/Modeling/Examples/Answers/For-Loops-R-Examples.ipynb,0,0
DS106-Machine-Learning/Modeling/Examples/Answers/DSO106-L3-HANDS-ON.ipynb,0,0
DS106-Machine-Learning/Modeling/Examples/Answers/DS106L5-handson-R.ipynb,0,0
DS106-Machine-Learning/Modeling/Examples/Answers/DS106-Modeling-L1-HandsOn.ipynb,0,0
DS106-Machine-Learning/Modeling/Examples/Answers/DS0106-L5-R-Solution.ipynb,0,0
DS106-Machine-Learning/Modeling/Examples/Answers/DS0106-L5-R-Solution-DL.ipynb,0,0
DS106-Machine-Learning/Modeling/Examples/Answers/DS106-Modeling-L2-Follow-Along-Baseball-R.ipynb,0,0
DS106-Machine-Learning/Modeling/Examples/Answers/DSO106-L3-Hands-On-nonlinear-R.ipynb,0,0
DS106-Machine-Learning/ML/DS106-L2-K-Means-and-K-Nearest-Neighbors.ipynb,1,0
DS106-Machine-Learning/ML/DS106-L1-Intro-to-Machine-Learning.ipynb,1,0
DS106-Machine-Learning/ML/DS106-L3-Decision-Trees-and-Random-Forests.ipynb,1,0
DS106-Machine-Learning/ML/DS106-L4-Bayesian-Networks.ipynb,1,0
DS106-Machine-Learning/ML/DS106-L5-Natural-Language-Processing.ipynb,1,0
DS106-Machine-Learning/ML/Workshops/DS105-ML-L5.ipynb,1,0
DS106-Machine-Learning/ML/Workshops/Week-3/Choosing-a-model-Regressor-vs-Classifier/Regressors-vs-Classifiers.ipynb,1,0
DS106-Machine-Learning/ML/Workshops/Week-3/05-Improving-Model-Accuracy/Improving-Model-Accuracy.ipynb,1,0
DS106-Machine-Learning/ML/Workshops/Week-3/06-Natural-Language-Processing/NaturalLanguageProcessing.ipynb,1,0
DS106-Machine-Learning/ML/Workshops/Week-3/Linear-Regression-in-Python/Linear-Regression-in-Python.ipynb,1,0
DS106-Machine-Learning/ML/Workshops/Week-3/Logistic-Regression-in-Python/Logistic-Regression-in-Python.ipynb,0,0
DS106-Machine-Learning/ML/Workshops/Week-2/04.5-KNN/KNN-Iris-Python.ipynb,0,0
DS106-Machine-Learning/ML/Workshops/Week-2/04.5-KNN/Untitled.ipynb,0,0
DS106-Machine-Learning/ML/Workshops/Week-2/04.5-KNN/KNN.ipynb,0,0
DS106-Machine-Learning/ML/Workshops/Week-2/04.6-Decision-Trees-and-Random-Forests/Untitled.ipynb,0,0
DS106-Machine-Learning/ML/Workshops/Week-2/04.6-Decision-Trees-and-Random-Forests/Decision-Trees-and-Random-Forests.ipynb,0,0
DS106-Machine-Learning/ML/Workshops/Week-2/04-K-Means-and-K-Nearest-Neighbors/kMeanskNeighbors.ipynb,0,0
DS106-Machine-Learning/ML/Workshops/Week-2/04-K-Means-and-K-Nearest-Neighbors/Untitled.ipynb,0,0
DS106-Machine-Learning/ML/Workshops/Week-1/02-Logistic-Regression-in-R/Logistic-Regression-in-R-Churn.ipynb,0,0
DS106-Machine-Learning/ML/Workshops/Week-1/02-Logistic-Regression-in-R/Logistic-Regression-in-R.ipynb,0,0
DS106-Machine-Learning/ML/Workshops/Week-1/01.5-Regression-in-R/Regression-in-R.ipynb,0,0
DS106-Machine-Learning/ML/Errata/DS106ML-Change-Log.ipynb,0,0
DS106-Machine-Learning/ML/Examples/Random-Forest.ipynb,1,0
DS106-Machine-Learning/ML/Examples/DS106-NumPy-Basics.ipynb,0,0
DS106-Machine-Learning/ML/Examples/DS106-Machine-Learning-L1-example.ipynb,0,0
DS106-Machine-Learning/ML/Examples/DS106-L3-Walkthrough.ipynb,0,0
DS106-Machine-Learning/ML/Examples/DS106-L3-Decision-Trees-example.ipynb,0,0
DS106-Machine-Learning/ML/Examples/DS106-MachineLearn-L2.ipynb,0,0
DS106-Machine-Learning/ML/Examples/DS106-ML-L1-Hands-on-Helper.ipynb,0,0
DS106-Machine-Learning/ML/Examples/DS106-MachineLearn-L5-Natural-Language-Processing-Hands-On.ipynb,0,0
DS106-Machine-Learning/ML/Examples/DS106-MachineLearn-L3-Hands-On-Helper.ipynb,0,0
DS106-Machine-Learning/ML/Examples/DS106-Convolutional-Neural-Network-Computer-Vision-Example.ipynb,0,0
DS106-Machine-Learning/ML/Examples/ReinforcmentLearning.ipynb,0,0
DS106-Machine-Learning/ML/Examples/DS106-ML-L2-Kmeans.ipynb,0,0
DS106-Machine-Learning/ML/Examples/DS106-Categorical-Data-Encoding-with-Sklearn-LabelEncoder-and-OneHotEncoder.ipynb,0,0
DS106-Machine-Learning/ML/Examples/DS106-MachineLearn-L3-decisionTree-randomForest.ipynb,0,0
DS106-Machine-Learning/ML/Examples/LabelEncoder-recode-by-selecting-dtypes.ipynb,0,0
DS106-Machine-Learning/ML/Examples/DS106-MachineLearning-KMeans-example.ipynb,0,0
DS106-Machine-Learning/ML/Examples/AutoSklearn.ipynb,0,0
DS106-Machine-Learning/ML/Examples/DS106-MachineLearn-L5-Natural-Language-Processing.ipynb,0,0
DS106-Machine-Learning/ML/Examples/BlobCity.ipynb,0,0
DS106-Machine-Learning/ML/Examples/DS106-KMeans-Example.ipynb,0,0
DS106-Machine-Learning/ML/Examples/ROC.ipynb,0,0
DS106-Machine-Learning/ML/Examples/DS106-MachineLearn-L2-Hands-On.ipynb,0,0
DS106-Machine-Learning/ML/Examples/DS106-ML-Recode-Example-PY.ipynb,1,0
DS106-Machine-Learning/ML/Examples/DS106-MachineLearning-L3-Hands-On-Helper.ipynb,0,0
DS106-Machine-Learning/ML/Examples/DS106-ML-L1-Walkthrough.ipynb,0,0
DS106-Machine-Learning/ML/Examples/DS106-NumPy-Linear-Algebra.ipynb,0,0
DS106-Machine-Learning/ML/Examples/DS106-Matplot-Lib-example.ipynb,0,0
DS106-Machine-Learning/ML/Examples/DSO106-MachineLearning-Lesson3-Example.ipynb,0,0
DS106-Machine-Learning/ML/Examples/Team-Examples/Emily-examples-1/DSO106 KMeans.ipynb,0,0
DS106-Machine-Learning/ML/Examples/Team-Examples/Emily-examples-1/DSO106 MatPlotLib.ipynb,0,0
DS106-Machine-Learning/ML/Examples/Team-Examples/Marcy-examples/multiple-weather-stations-ML.ipynb,0,0
DS106-Machine-Learning/ML/Examples/Team-Examples/Marcy-examples/Analysis/Random-Forest.ipynb,0,0
DS106-Machine-Learning/ML/Examples/Team-Examples/Marcy-examples/Analysis/Supervised-ML-Python.ipynb,0,0
DS106-Machine-Learning/ML/Examples/Team-Examples/Marcy-examples/Analysis/Parsing-DateTime-Christmas-Only.ipynb,0,0
DS106-Machine-Learning/ML/Examples/Team-Examples/Mo - Examples/Python-ML/05-KMeans-Clustering.ipynb,1,0
DS106-Machine-Learning/ML/Examples/Team-Examples/Mo - Examples/Python-ML/01 - Introduction.ipynb,0,0
DS106-Machine-Learning/ML/Examples/Team-Examples/Mo - Examples/Python-ML/03 - Extending Python Using NumPy.ipynb,0,0
DS106-Machine-Learning/ML/Examples/Team-Examples/Mo - Examples/Python-ML/02 - Intro to ML.ipynb,0,0
DS106-Machine-Learning/ML/Examples/Team-Examples/Mo - Examples/Python-ML/04-Random-Forest-Classifier.ipynb,0,0
DS106-Machine-Learning/ML/Examples/Team-Examples/Emily-examples-2/DSO103-ML-L3-HOH.ipynb,0,0
DS106-Machine-Learning/ML/Examples/Team-Examples/Emily-examples-2/DSO106-ML-L7-NLP-HOH.ipynb,0,0
DS106-Machine-Learning/ML/Examples/Team-Examples/Emily-examples-2/DSO106-ML-NLP-Examples.ipynb,0,0
DS106-Machine-Learning/ML/Examples/Team-Examples/Emily-examples-2/DSO106 MatPlotLib.ipynb,0,0
DS106-Machine-Learning/ML/Examples/Team-Examples/BreastCancerML/Breast-Cancer-ML.ipynb,0,0
DS103-Metrics-and-Data-Processing/DS103PM-L1-Introduction-to-Agile-Project-Management.ipynb,1,0
DS103-Metrics-and-Data-Processing/DS103-L5-Reliability-and-Validity.ipynb,2,0
DS103-Metrics-and-Data-Processing/DS103-L1-Metrics-In-The-Business-World.ipynb,2,0
DS103-Metrics-and-Data-Processing/DS103PM-L3-Scrum.ipynb,1,0
DS103-Metrics-and-Data-Processing/DS103Questions.ipynb,0,0
DS103-Metrics-and-Data-Processing/DS103PM-L4-Kanban.ipynb,1,0
DS103-Metrics-and-Data-Processing/DS103-L2-Statistical-Process-Control.ipynb,1,0
DS103-Metrics-and-Data-Processing/DS103-L3-Process-Capability.ipynb,2,0
DS103-Metrics-and-Data-Processing/DS103-L4-Survey-Design.ipynb,1,0
DS103-Metrics-and-Data-Processing/DS103PM-L2-Goals-of-Project-Management-and-Agile.ipynb,2,0
DS103-Metrics-and-Data-Processing/DS103PM-L5-Project-Planning.ipynb,1,0
DS103-Metrics-and-Data-Processing/Workshops/Week-3/05-Waterfall-Project-Example/Creating-a-Project-Proposal.ipynb,1,0
DS103-Metrics-and-Data-Processing/Workshops/Week-2/04-Survey-Design/Survey-Design-to-Factor-Analysis.ipynb,0,0
DS103-Metrics-and-Data-Processing/Workshops/Week-2/04-Factor-Analysis-Example/FactorAnalysis.ipynb,0,0
DS103-Metrics-and-Data-Processing/Workshops/Week-2/04-Factor-Analysis-Example/Survey-Design-to-Factor-Analysis-Notebook-R.ipynb,0,0
DS103-Metrics-and-Data-Processing/Workshops/Week-1/01-Using-Metrics-in-Business/Using-Metrics-in-Business.ipynb,0,0
DS103-Metrics-and-Data-Processing/Workshops/Week-1/03-Introduction-to-cloud-computing/Intro-to-cloud.ipynb,0,0
DS103-Metrics-and-Data-Processing/Workshops/Week-1/02-Process-Capability/Calculating-Process-Capability.ipynb,1,0
DS103-Metrics-and-Data-Processing/Errata/DS103-Change-Log.ipynb,0,0
DS103-Metrics-and-Data-Processing/Examples/DS103L5-Stub.ipynb,0,0
DS103-Metrics-and-Data-Processing/Examples/DS103L8-Stub.ipynb,0,0
DS103-Metrics-and-Data-Processing/Examples/DS103L10-Stub.ipynb,0,0
DS103-Metrics-and-Data-Processing/Examples/Untitled.ipynb,0,0
DS103-Metrics-and-Data-Processing/Examples/DS103L7-Stub.ipynb,0,0
DS103-Metrics-and-Data-Processing/Examples/DSO103-L3-SCRUM-and-L4-Kanban.ipynb,1,0
DS103-Metrics-and-Data-Processing/Examples/DS103L4-Stub.ipynb,0,0
DS103-Metrics-and-Data-Processing/Examples/DS103L9-Stub.ipynb,0,0
DS103-Metrics-and-Data-Processing/Examples/DSO103L5 Hands-On Helper.ipynb,0,0
DS103-Metrics-and-Data-Processing/Examples/Version-control-Github.ipynb,1,0
DS103-Metrics-and-Data-Processing/Examples/DS103L6-Stub.ipynb,0,0
DS103-Metrics-and-Data-Processing/Examples/DS103L3-Spec-Limit.ipynb,1,0
DS103-Metrics-and-Data-Processing/Examples/Team-Examples/Nolan/DS103L5HandsOn.ipynb,0,0
DS104-Data-Wrangling-and-Visualization/DS104-L1-Manipulating-Columns-Rows.ipynb,3,0
DS104-Data-Wrangling-and-Visualization/DS104-L3-Missing-Incorrect-Data-Types.ipynb,3,0
DS104-Data-Wrangling-and-Visualization/DS104-L9-Choosing-Appropriate-Statistical-Analyses.ipynb,1,0
DS104-Data-Wrangling-and-Visualization/DS104-L5-Displaying-Qualitative-Data.ipynb,1,0
DS104-Data-Wrangling-and-Visualization/DS104L10-Final-Project.ipynb,0,0
DS104-Data-Wrangling-and-Visualization/DS104-L6-Tableau.ipynb,1,0
DS104-Data-Wrangling-and-Visualization/DS104-L8-Complex-Visualizations.ipynb,2,0
DS104-Data-Wrangling-and-Visualization/DS104-L2-Data-Transform.ipynb,1,0
DS104-Data-Wrangling-and-Visualization/DS104-L4-Displaying-Quantitative-Data.ipynb,5,0
DS104-Data-Wrangling-and-Visualization/DS104-L7-Infographics.ipynb,1,0
DS104-Data-Wrangling-and-Visualization/Workshops/Week-3/12-Final-Project-in-R/Final-Project-in-R-Hotels.ipynb,0,0
DS104-Data-Wrangling-and-Visualization/Workshops/Week-3/12-Final-Project-in-R/Final-Project-in-R.ipynb,0,0
DS104-Data-Wrangling-and-Visualization/Workshops/Week-3/11-Final-Project-in-Python/Final-Project-in-Python-Hotels.ipynb,0,0
DS104-Data-Wrangling-and-Visualization/Workshops/Week-3/11-Final-Project-in-Python/Final-Project-in-Python.ipynb,0,0
DS104-Data-Wrangling-and-Visualization/Workshops/Week-3/09-Choosing-the-Right-Statistic/Choosing-the-Right-Statistic.ipynb,0,0
DS104-Data-Wrangling-and-Visualization/Workshops/Week-2/06-Data-Visualization-in-R/Data-Vis-in-R.ipynb,0,0
DS104-Data-Wrangling-and-Visualization/Workshops/Week-2/07-Data-Visualization-in-Python/Python-Data-Visualization-Diamonds.ipynb,0,0
DS104-Data-Wrangling-and-Visualization/Workshops/Week-2/07-Data-Visualization-in-Python/Addressing-Common-Errors-in-Python.ipynb,0,0
DS104-Data-Wrangling-and-Visualization/Workshops/Week-2/07-Data-Visualization-in-Python/Python-Data-Visualization-Iris.ipynb,0,0
DS104-Data-Wrangling-and-Visualization/Workshops/Week-1/05.5-Data-Recoding-in-R/Recoding.ipynb,0,0
DS104-Data-Wrangling-and-Visualization/Workshops/Week-1/04-Data-Transformations-in-Python/Data-Transformations-in-Python.ipynb,0,0
DS104-Data-Wrangling-and-Visualization/Workshops/Week-1/04-Data-Transformations-in-Python/Data-Transformations-in-Python-Iris.ipynb,1,0
DS104-Data-Wrangling-and-Visualization/Workshops/Week-1/01-Data-Wrangling-in-R/Data-Wrangling-R-Volcanoes.ipynb,0,0
DS104-Data-Wrangling-and-Visualization/Workshops/Week-1/05-Data-Recoding-Python/Recoding-Data-in-Python.ipynb,1,0
DS104-Data-Wrangling-and-Visualization/Workshops/Week-1/05-Data-Recoding-Python/archive/DummyCoding.ipynb,0,0
DS104-Data-Wrangling-and-Visualization/Workshops/Week-1/05-Data-Recoding-Python/archive/RecodingDataPython.ipynb,0,0
DS104-Data-Wrangling-and-Visualization/Workshops/Week-1/02-Data-Wrangling-in-Python/Data-Wrangling-in-Python.ipynb,0,0
DS104-Data-Wrangling-and-Visualization/Errata/DS104-Change-Log.ipynb,0,0
DS104-Data-Wrangling-and-Visualization/Examples/DS0104-L1-Python-Hands-On.ipynb,0,0
DS104-Data-Wrangling-and-Visualization/Examples/DataWrang-and-Viz-L2-Data-Transformations-Py.ipynb,0,0
DS104-Data-Wrangling-and-Visualization/Examples/DS0104-L1-R-Hands-On.ipynb,0,0
DS104-Data-Wrangling-and-Visualization/Examples/PDF_Reader.ipynb,0,0
DS104-Data-Wrangling-and-Visualization/Examples/read-all-csv-files.ipynb,0,0
DS104-Data-Wrangling-and-Visualization/Examples/Railroad-Accidents.ipynb,0,0
DS104-Data-Wrangling-and-Visualization/Examples/exploring-the-anime-dataset.ipynb,0,0
DS104-Data-Wrangling-and-Visualization/Examples/AirBnB-Python-Hands-On.ipynb,0,0
DS104-Data-Wrangling-and-Visualization/Examples/DS0104-Pandas-Recode.ipynb,0,0
DS104-Data-Wrangling-and-Visualization/Examples/MissingData-Imputations-R.ipynb,0,0
DS104-Data-Wrangling-and-Visualization/Examples/Fill-NAs-With-Mean-Or-Mode-Python.ipynb,0,0
DS104-Data-Wrangling-and-Visualization/Examples/PowerBoats.ipynb,0,0
DS104-Data-Wrangling-and-Visualization/Examples/DS104-L4-Helper.ipynb,0,0
DS104-Data-Wrangling-and-Visualization/Examples/Character-Encodings-Python.ipynb,0,0
DS104-Data-Wrangling-and-Visualization/Examples/Combiner.ipynb,0,0
DS104-Data-Wrangling-and-Visualization/Examples/GGPlotHistogramsTransformations.ipynb,0,0
DS104-Data-Wrangling-and-Visualization/Examples/DS104-L2-Follow-Along-Lesson-P.ipynb,0,0
DS104-Data-Wrangling-and-Visualization/Examples/FedRAMP.ipynb,0,0
DS104-Data-Wrangling-and-Visualization/Examples/CommonCodes.ipynb,0,0
DS104-Data-Wrangling-and-Visualization/Examples/Pandas-Backend.ipynb,0,0
DS104-Data-Wrangling-and-Visualization/Examples/DS0104-L1-HandsOn-Python.ipynb,0,0
DS104-Data-Wrangling-and-Visualization/Examples/DS104-L5-P9-Mosaic-Example.ipynb,0,0
DS104-Data-Wrangling-and-Visualization/Examples/Character-Encodings-R.ipynb,0,0
DS104-Data-Wrangling-and-Visualization/Examples/DS104-L4-Pg3-bqplot-widget-example.ipynb,0,0
DS104-Data-Wrangling-and-Visualization/Examples/Linear-Regression-Example.ipynb,0,0
DS104-Data-Wrangling-and-Visualization/Examples/DS104-L6-Tableau-Basics-Hands-On-Helper.ipynb,3,0
DS104-Data-Wrangling-and-Visualization/Examples/Fast-Data-Analysis-in-Python.ipynb,0,0
DS104-Data-Wrangling-and-Visualization/Examples/Looping-through-directory-reading-into-pandas.ipynb,0,0
DS104-Data-Wrangling-and-Visualization/Examples/Prepare-Dataset.ipynb,0,0
DS104-Data-Wrangling-and-Visualization/Examples/DS104-L1-Follow-Along-Lesson-babies-R.ipynb,0,0
DS104-Data-Wrangling-and-Visualization/Examples/Bear-Markets.ipynb,0,0
DS104-Data-Wrangling-and-Visualization/Examples/Generating-Random-Data-Using-Faker.ipynb,1,0
DS104-Data-Wrangling-and-Visualization/Examples/DS104-L3-Hands-on-Example-Anime-P.ipynb,0,0
DS104-Data-Wrangling-and-Visualization/Examples/Data Visualizations Using Seaborn.ipynb,0,0
DS104-Data-Wrangling-and-Visualization/Examples/DSO104 Lesson 9 HandsOn Helper.ipynb,0,0
DS104-Data-Wrangling-and-Visualization/Examples/Clinical-Trials/Clinical-Trials.ipynb,0,0
DS104-Data-Wrangling-and-Visualization/Examples/Synthetic-Data-Generation/Synthetic-Data-Vault.ipynb,0,0
DS104-Data-Wrangling-and-Visualization/Examples/Synthetic-Data-Generation/Synthetic-Data-Faker.ipynb,0,0
DS104-Data-Wrangling-and-Visualization/Examples/Data_Cleaning_and_PCA_Example/Data_Cleaning_and_PCA.ipynb,0,0
DS104-Data-Wrangling-and-Visualization/Examples/Team-Examples/Federal-Fleet-Data-Analysis.ipynb,0,0
DS104-Data-Wrangling-and-Visualization/Examples/Team-Examples/Skimpy.ipynb,1,0
DS104-Data-Wrangling-and-Visualization/Examples/Team-Examples/Lorenz-System.ipynb,0,0
DS104-Data-Wrangling-and-Visualization/Examples/Team-Examples/Generating-Random-Data-Using-Faker.ipynb,1,0
DS104-Data-Wrangling-and-Visualization/Examples/Team-Examples/Dealing-with-NaNs-in-Python.ipynb,0,0
DS104-Data-Wrangling-and-Visualization/Examples/Team-Examples/Titanic.ipynb,0,0
DS104-Data-Wrangling-and-Visualization/Examples/Team-Examples/Scraping/04. Wrangling_Data.ipynb,0,0
DS104-Data-Wrangling-and-Visualization/Examples/Team-Examples/Scraping/Web-Scraping-With-Pandas.ipynb,0,0
DS104-Data-Wrangling-and-Visualization/Examples/Team-Examples/Scraping/5-Scrapy.ipynb,0,0
DS104-Data-Wrangling-and-Visualization/Examples/Team-Examples/Scraping/1-Scraping-Tools.ipynb,0,0
DS104-Data-Wrangling-and-Visualization/Examples/Team-Examples/Scraping/2-CWBI.ipynb,0,0
DS104-Data-Wrangling-and-Visualization/Examples/Team-Examples/Scraping/11-Datagov.ipynb,0,0
DS104-Data-Wrangling-and-Visualization/Examples/Team-Examples/Scraping/3-ElementTree.ipynb,0,0
DS104-Data-Wrangling-and-Visualization/Examples/Team-Examples/Scraping/4-Requests.ipynb,0,0
DS104-Data-Wrangling-and-Visualization/Examples/Team-Examples/Scraping/7-USGov-Data.ipynb,0,0
DS104-Data-Wrangling-and-Visualization/Examples/Team-Examples/Scraping/10-USA-gov.ipynb,0,0
DS104-Data-Wrangling-and-Visualization/Examples/Team-Examples/Scraping/8-NASA-API.ipynb,0,0
DS104-Data-Wrangling-and-Visualization/Examples/Team-Examples/Scraping/9-Regulations.ipynb,0,0
DS104-Data-Wrangling-and-Visualization/Examples/Team-Examples/Scraping/wsdot.ipynb,0,0
DS104-Data-Wrangling-and-Visualization/Examples/Team-Examples/Scraping/6-BS4.ipynb,0,0
DS104-Data-Wrangling-and-Visualization/Examples/Team-Examples/Tableau Dashboard and EDA-Sales/EDA-of-Amazon-Sales-Data.ipynb,1,0
DS104-Data-Wrangling-and-Visualization/Examples/Team-Examples/Panel-Chemistry/Panel-Chemistry.ipynb,0,0
DS104-Data-Wrangling-and-Visualization/Examples/Team-Examples/Jessenia/Playing-with-Julia.ipynb,0,0
DS104-Data-Wrangling-and-Visualization/Examples/Team-Examples/JB/MissingData-Imputations-R.ipynb,0,0
DS104-Data-Wrangling-and-Visualization/Examples/Team-Examples/JB/DS104-L4-R.ipynb,0,0
DS104-Data-Wrangling-and-Visualization/Examples/Team-Examples/JB/DS104-L4-Py.ipynb,0,0
DS104-Data-Wrangling-and-Visualization/Examples/Team-Examples/Wordcloud/Wordcloud.ipynb,0,0
DS104-Data-Wrangling-and-Visualization/Examples/Team-Examples/Nolan/DS104-L4-handsOn-P5.ipynb,1,0
DS104-Data-Wrangling-and-Visualization/Examples/Team-Examples/Nolan/DS104-L4-handsOn-P3.ipynb,0,0
DS104-Data-Wrangling-and-Visualization/Examples/Team-Examples/Nolan/DS104-L4-handsOn-P1.ipynb,1,0
DS104-Data-Wrangling-and-Visualization/Examples/Team-Examples/Nolan/DS104-L4-handsOn-P4.ipynb,0,0
DS104-Data-Wrangling-and-Visualization/Examples/Team-Examples/Nolan/DS104-L4-handsOn-P2.ipynb,0,0
DS104-Data-Wrangling-and-Visualization/Examples/Team-Examples/Nolan/DS104-L6-Tableau-Dual-Axis.ipynb,1,0
DS104-Data-Wrangling-and-Visualization/Examples/Team-Examples/Emily/Crosstab-example.ipynb,0,0
DS104-Data-Wrangling-and-Visualization/Examples/Team-Examples/Stata/Stata17SE-setup.ipynb,0,0
DS104-Data-Wrangling-and-Visualization/Examples/Team-Examples/Stata/Stata-Auto.ipynb,0,0
DS104-Data-Wrangling-and-Visualization/Examples/Team-Examples/Stata/Stata-intro.ipynb,0,0
DS104-Data-Wrangling-and-Visualization/Examples/OSCAL/OSCAL.ipynb,0,0
DS104-Data-Wrangling-and-Visualization/Examples/OSCAL/Creating-and-Using-Metadata-in-OSCAL.ipynb,0,0
DS104-Data-Wrangling-and-Visualization/Examples/Diagramming/Diagrams.ipynb,0,0
DS104-Data-Wrangling-and-Visualization/Examples/Data-Cataloging/US-Government-Data-Catalogs.ipynb,0,0
DS104-Data-Wrangling-and-Visualization/Examples/Data-Cataloging/Data-Cataloging-Basics.ipynb,0,0
DS104-Data-Wrangling-and-Visualization/Examples/Pandas/Air-Quality.ipynb,0,0
DS104-Data-Wrangling-and-Visualization/Examples/Pandas/_Pandas.ipynb,0,0
DS104-Data-Wrangling-and-Visualization/Examples/Pandas/Titanic.ipynb,0,0
DS104-Data-Wrangling-and-Visualization/Quizzes/DS104-L8-Quizzes.ipynb,0,0
DS104-Data-Wrangling-and-Visualization/Quizzes/DS104-L6-Quizzes.ipynb,0,0
DS104-Data-Wrangling-and-Visualization/Quizzes/DS104-L5-Quizzes.ipynb,0,0
DS104-Data-Wrangling-and-Visualization/Quizzes/DS104-L1-2-3-4-7-Quizzes.ipynb,0,0
DS101-Basic-Statistics/DS101Questions.ipynb,0,0
DS101-Basic-Statistics/DS101L10-Skills-Mastery-Exam.ipynb,0,0
DS101-Basic-Statistics/DS101-L6-Statistical-Inference.ipynb,6,0
DS101-Basic-Statistics/DS101-L4-Common-Descriptive-Statistics.ipynb,6,0
DS101-Basic-Statistics/DS101-L3-Variable-Types.ipynb,7,0
DS101-Basic-Statistics/DS101-L2-Probability.ipynb,15,0
DS101-Basic-Statistics/DS101-L9-High-Level-Data-Exploration.ipynb,11,0
DS101-Basic-Statistics/DS101-L8-Other-Common-Distributions.ipynb,6,0
DS101-Basic-Statistics/DS101-L5-Normal-Distribution.ipynb,8,0
DS101-Basic-Statistics/DS101-L7-Uniform-Binomial-StudentT-F-Distribution.ipynb,10,0
DS101-Basic-Statistics/DS101-L1-Introduction-to-Data-Science.ipynb,8,0
DS101-Basic-Statistics/Orientation/5-Common-Codes.ipynb,0,0
DS101-Basic-Statistics/Orientation/2-Prepwork.ipynb,0,0
DS101-Basic-Statistics/Orientation/1-Orientation.ipynb,0,0
DS101-Basic-Statistics/Orientation/3-Importing-Saving-Files.ipynb,6,0
DS101-Basic-Statistics/Orientation/4-Helpers-Workshops.ipynb,0,0
DS101-Basic-Statistics/Orientation/Videos/Saving-Files-in-Jupyter-Lab-Python-and-R.ipynb,1,0
DS101-Basic-Statistics/Orientation/Videos/Saving-Google-Sheets.ipynb,1,0
DS101-Basic-Statistics/Orientation/Videos/Saving-Excel-Files.ipynb,1,0
DS101-Basic-Statistics/Orientation/Videos/Create-a-Help-Ticket.ipynb,1,0
DS101-Basic-Statistics/Orientation/Videos/Slack-Tips-and-Tricks.ipynb,1,0
DS101-Basic-Statistics/Orientation/Videos/Set-Slack-Notifications.ipynb,1,0
DS101-Basic-Statistics/Orientation/Videos/Taking-Screenshots-on-Mac.ipynb,1,0
DS101-Basic-Statistics/Workshops/Week-3/08.1-t-tests-v2/t-test-in-R.ipynb,0,0
DS101-Basic-Statistics/Workshops/Week-3/08.1-t-tests-v2/t-test-in-Python.ipynb,0,0
DS101-Basic-Statistics/Workshops/Week-3/Moving-from-Excel-to-Jupyter/Moving-from-Excel-to-Jupyter-with-Python-Pandas.ipynb,1,0
DS101-Basic-Statistics/Workshops/Week-3/08.1-t-tests-v1/t-test.ipynb,0,0
DS101-Basic-Statistics/Workshops/Week-3/08.5-Effect-Size/EffectSize.ipynb,0,0
DS101-Basic-Statistics/Workshops/Week-3/11-Final-Review/Basic-Statistics-Final-Review.ipynb,0,0
DS101-Basic-Statistics/Workshops/Week-2/06-Excel-at-Measures-of-Central-Tendency-and-Distribution/CentralTendency.ipynb,0,0
DS101-Basic-Statistics/Workshops/Week-2/05-z-tests/z-tests.ipynb,1,0
DS101-Basic-Statistics/Workshops/Week-2/08-Hypothesis-Testing/Statistical-hypothesis-testing.ipynb,0,0
DS101-Basic-Statistics/Workshops/Week-1/02-Study-Skills/Study-Skills.ipynb,1,0
DS101-Basic-Statistics/Workshops/Week-1/03-Introduction-to-Spreadsheets/Introduction-to-Spreadsheets.ipynb,0,0
DS101-Basic-Statistics/Workshops/Week-1/Hello-World-Notebook-Intro/Basic-Probability.ipynb,0,0
DS101-Basic-Statistics/Workshops/Week-1/Hello-World-Notebook-Intro/CLIs.ipynb,0,0
DS101-Basic-Statistics/Workshops/Week-1/Hello-World-Notebook-Intro/MarkDown.ipynb,0,0
DS101-Basic-Statistics/Workshops/Week-1/Hello-World-Notebook-Intro/Descriptive-Statistics.ipynb,0,0
DS101-Basic-Statistics/Workshops/Week-1/Hello-World-Notebook-Intro/Hello-World.ipynb,0,0
DS101-Basic-Statistics/Workshops/Week-1/Hello-World-Notebook-Intro/Zipping_Files.ipynb,0,0
DS101-Basic-Statistics/Workshops/Week-1/Hello-World-Notebook-Intro/TODOs.ipynb,0,0
DS101-Basic-Statistics/Workshops/Week-1/01-Welcome-to-Data-Science/Welcome-to-Data-Science.ipynb,0,0
DS101-Basic-Statistics/Workshops/Week-1/01-Welcome-to-Data-Science/Github-Basics.ipynb,1,0
DS101-Basic-Statistics/Workshops/Week-1/Simple-Statistics/Simple-Statistics.ipynb,0,0
DS101-Basic-Statistics/Errata/DS101-Change-Log.ipynb,0,0
DS101-Basic-Statistics/Errata/Change-Log-Workflow.ipynb,0,0
DS101-Basic-Statistics/Debugging/Debugging-Basics.ipynb,1,0
DS101-Basic-Statistics/Installation/Homebrew.ipynb,0,0
DS101-Basic-Statistics/Installation/Chocolatey.ipynb,1,0
DS101-Basic-Statistics/Installation/archive/Homebrew.ipynb,2,0
DS101-Basic-Statistics/Installation/Troubleshooting/Windows-Troubleshooting.ipynb,1,0
DS101-Basic-Statistics/Installation/Troubleshooting/Jupyter.ipynb,0,0
DS101-Basic-Statistics/Installation/Troubleshooting/Mac-Troubleshooting.ipynb,0,0
DS101-Basic-Statistics/Installation/Utilities/Package-Managers.ipynb,0,0
DS101-Basic-Statistics/Installation/Utilities/Check-R-Version.ipynb,0,0
DS101-Basic-Statistics/Installation/Utilities/RHEL-Package-Managers.ipynb,0,0
DS101-Basic-Statistics/Installation/Utilities/RHEL-System-Admin.ipynb,0,0
DS101-Basic-Statistics/Installation/Utilities/Bash.ipynb,0,0
DS101-Basic-Statistics/Installation/Utilities/File-Permissions.ipynb,0,0
DS101-Basic-Statistics/Examples/7-Jupyter-for-Mac.ipynb,0,0
DS101-Basic-Statistics/Examples/1-Github-Basics.ipynb,1,0
DS101-Basic-Statistics/Examples/Datetime.ipynb,0,0
DS101-Basic-Statistics/Examples/6-Print-Hello-Example.ipynb,0,0
DS101-Basic-Statistics/Examples/8-Statistical-Hypothesis-Testing.ipynb,0,0
DS101-Basic-Statistics/Examples/12-Tutorial-Jupyter-Notebooks.ipynb,0,0
DS101-Basic-Statistics/Examples/4-Latex-Basics.ipynb,0,0
DS101-Basic-Statistics/Examples/DS101L2-P2-Single-Event-Probability.ipynb,0,0
DS101-Basic-Statistics/Examples/Intro.ipynb,0,0
DS101-Basic-Statistics/Examples/DS101-L2-P3-Probability-Rules-1-and-2.ipynb,0,0
DS101-Basic-Statistics/Examples/2-Jupyter-Project.ipynb,1,1
DS101-Basic-Statistics/Examples/5-Path-Basics-on-MacOS.ipynb,0,0
DS101-Basic-Statistics/Examples/Mermaid.ipynb,0,0
DS101-Basic-Statistics/Examples/11-Jupyter-Kernels.ipynb,0,0
DS101-Basic-Statistics/Examples/0-Navigating-the-Companion-Notebook-Series.ipynb,1,0
DS101-Basic-Statistics/Examples/sqlite.ipynb,0,0
DS101-Basic-Statistics/Examples/Linux-Basics.ipynb,0,0
DS101-Basic-Statistics/Examples/Mito.ipynb,0,0
DS101-Basic-Statistics/Examples/10-Magics.ipynb,0,0
DS101-Basic-Statistics/Examples/zscore.ipynb,0,0
DS101-Basic-Statistics/Examples/Lorenz.ipynb,0,0
DS101-Basic-Statistics/Examples/Pass_Rates-R.ipynb,0,0
DS101-Basic-Statistics/Examples/3-Math-Basics.ipynb,0,0
DS101-Basic-Statistics/Examples/Probability.ipynb,0,0
DS101-Basic-Statistics/Examples/Pass_Rates-P.ipynb,0,0
DS101-Basic-Statistics/Examples/Mac-Terminal-Commands.ipynb,0,0
DS101-Basic-Statistics/Examples/Factorial.ipynb,0,0
DS101-Basic-Statistics/Examples/Combinatorics.ipynb,0,0
DS101-Basic-Statistics/Examples/9-Probability.ipynb,0,0
DS101-Basic-Statistics/Examples/DQ-IQR-Python.ipynb,0,0
DS101-Basic-Statistics/Examples/Team-Examples/Mia-examples/Mia.ipynb,0,0
DS101-Basic-Statistics/Examples/Team-Examples/MM-examples/MMTest.ipynb,0,0
DS101-Basic-Statistics/Examples/Team-Examples/Matthew-examples/Format-For-Questions.ipynb,0,0
DS101-Basic-Statistics/Examples/Team-Examples/Matthew-examples/Python-for-loops.ipynb,0,0
DS101-Basic-Statistics/Examples/Team-Examples/Matthew-examples/DS101L1Questions.ipynb,0,0
DS101-Basic-Statistics/Examples/Team-Examples/Matthew-examples/DS101L1.ipynb,8,0
DS101-Basic-Statistics/Examples/Team-Examples/Matthew-examples/Absolute-And-Relative-Path.ipynb,0,0
DS101-Basic-Statistics/Examples/Team-Examples/Matthew-examples/IJulia-Quick-Start-Example.ipynb,0,0
DS101-Basic-Statistics/Examples/Team-Examples/Matthew-examples/Find-All-Links.ipynb,0,0
DS101-Basic-Statistics/Examples/Team-Examples/Matthew-examples/pyreadr-example-notebook.ipynb,0,0
DS101-Basic-Statistics/Examples/Team-Examples/Fieldsey-Example/Fierce-Fieldsey-Frackas.ipynb,0,0
DS101-Basic-Statistics/Examples/Team-Examples/Emily-examples/EmilyExample.ipynb,0,0
DS101-Basic-Statistics/Examples/Team-Examples/Emily-examples/Interactive-Dashboard.ipynb,0,0
DS101-Basic-Statistics/Examples/Team-Examples/Emily-examples/polynomial-regression.ipynb,0,0
DS101-Basic-Statistics/Examples/Team-Examples/Emily-examples/outlier-example .ipynb,0,0
DS101-Basic-Statistics/Examples/Team-Examples/Emily-examples/Voila.ipynb,0,0
DS101-Basic-Statistics/Examples/Team-Examples/Emily-examples/samplettest.ipynb,0,0
DS101-Basic-Statistics/Examples/Team-Examples/JB-examples/Example Notebook.ipynb,0,0
DS101-Basic-Statistics/Examples/Team-Examples/JB-examples/DS101-L8.ipynb,0,1
DS101-Basic-Statistics/Examples/Team-Examples/Nolan/pathcheck.ipynb,0,0
DS101-Basic-Statistics/Examples/Team-Examples/Nolan/BasicStatsL3Guide.ipynb,0,1
DS101-Basic-Statistics/Examples/Team-Examples/Nolan/BasicStatsL6Guide.ipynb,0,1
DS101-Basic-Statistics/Examples/Team-Examples/Nolan/BasicStatsL4Guide.ipynb,0,0
DS101-Basic-Statistics/Examples/Team-Examples/Nolan/BasicStatsL7Guide.ipynb,0,3
DS101-Basic-Statistics/Examples/Team-Examples/Nolan/BasicStatsL2Guide.ipynb,0,0
DS101-Basic-Statistics/Examples/Team-Examples/Nolan/BasicStatsL5Guide.ipynb,0,0
DS101-Basic-Statistics/Rubric/DS101_Lesson7_Rubric.ipynb,0,0
DS110-Final-Project/DS110-L4-W4-Analyze-Data.ipynb,1,0
DS110-Final-Project/DS110-L1-W1-Project-Planning.ipynb,2,0
DS110-Final-Project/DS110-L2-W2-Data-Wrangling.ipynb,1,0
DS110-Final-Project/DS110-L3-W3-Exploratory-Analysis.ipynb,1,0
DS110-Final-Project/DS110-L5-W5-Data-Viz-and-Reporting.ipynb,1,0
DS110-Final-Project/DS110-L6-W6-Presentation.ipynb,1,0
DS110-Final-Project/Errata/DS110-Change-Log.ipynb,0,0
DS110-Final-Project/Interview/Interview-questions.ipynb,0,0
DS110-Final-Project/Examples/Hulu.ipynb,0,0
DS110-Final-Project/Examples/Example-Final-Project-Diamonds.ipynb,0,0
DS110-Final-Project/Examples/TOC-jupyter-page-template.ipynb,0,0
DS110-Final-Project/Examples/Example-Notebook-Diamonds.ipynb,0,0
DS110-Final-Project/Examples/Final-Project-Graphing-ExampleMia.ipynb,0,0
DS110-Final-Project/Examples/Guide-to-Plotting-Data.ipynb,0,0
DS110-Final-Project/Examples/Example-Notebook-Titanic.ipynb,0,0
DS110-Final-Project/Examples/tab-separated-example.ipynb,0,0
DS110-Final-Project/Examples/The-MovieLens-Dataset.ipynb,0,0
DS110-Final-Project/Examples/Store-Sales-Prediction-Matthew-Gerardino.ipynb,0,0
DS110-Final-Project/Examples/Fast-Data-Analysis-For-Final-Project-Python.ipynb,0,0
DS110-Final-Project/Examples/Example-Notebook-MPG.ipynb,1,0
DS110-Final-Project/Examples/Cosine-Similarity-Recommender.ipynb,0,0
DS110-Final-Project/Examples/Example-Final-Project-MPG.ipynb,0,0
DS110-Final-Project/Examples/Accreditation-Data-Analysis.ipynb,0,0
DS110-Final-Project/Examples/Steam-Games.ipynb,0,0
DS110-Final-Project/Examples/List-of-Student-Projects.ipynb,0,0
DS110-Final-Project/Examples/test.ipynb,0,0
DS110-Final-Project/Examples/Other-Examples/Air-Quality.ipynb,0,0
DS110-Final-Project/Examples/Other-Examples/Titanic.ipynb,0,0
DS110-Final-Project/Examples/Other-Examples/Data.ipynb,0,0
DS110-Final-Project/Examples/Team-Examples/Federal-Fleet-Project/Federal-Fleet-Data.ipynb,0,0
DS110-Final-Project/Examples/Team-Examples/White Christmas ML and Infographic/Random-Forest.ipynb,0,0
DS110-Final-Project/Examples/Team-Examples/White Christmas ML and Infographic/EDA-Graphs-Python.ipynb,0,0
DS110-Final-Project/Examples/Team-Examples/White Christmas ML and Infographic/multiple-weather-stations-ML.ipynb,0,0
DS110-Final-Project/Examples/Team-Examples/White Christmas ML and Infographic/Supervised-ML-Python.ipynb,0,0
DS110-Final-Project/Examples/Avocado-Final-Project/Notebooks/Original-Student-Final-Project-Notebook.ipynb,0,0
DS110-Final-Project/Examples/Avocado-Final-Project/Notebooks/Latest-Student-Final-Project-Notebook-Avocados.ipynb,0,0
DS110-Final-Project/Examples/FBI Crime Stats/Crime-Study.ipynb,0,0
DS110-Final-Project/Examples/Autism-Final-Project/Notebooks/R-Analysis-Notebook.ipynb,0,0
DS110-Final-Project/Examples/Autism-Final-Project/Notebooks/Py-Analysis-Notebook.ipynb,0,0
DS110-Final-Project/Documents/Repo-Template/Notebooks/Air-Quality.ipynb,0,0
DS110-Final-Project/Documents/Repo-Template/Notebooks/Titanic.ipynb,0,0
DS110-Final-Project/Documents/Repo-Template/Notebooks/Data.ipynb,0,0
